{
   "response_code":0,
   "results":[
      {
         "category":"History",
         "type":"multiple",
         "difficulty":"easy",
         "question":"Which%20one%20of%20these%20was%20not%20a%20beach%20landing%20site%20in%20the%20Invasion%20of%20Normandy%3F",
         "correct_answer":"Silver",
         "incorrect_answers":[
            "Gold",
            "Juno",
            "Sword"
         ]
      },
      {
         "category":"Science%20%26%20Nature",
         "type":"multiple",
         "difficulty":"easy",
         "question":"What%20is%20the%20hottest%20planet%20in%20the%20Solar%20System%3F",
         "correct_answer":"Venus",
         "incorrect_answers":[
            "Mars",
            "Mercury",
            "Jupiter"
         ]
      },
      {
         "category":"Entertainment%3A%20Video%20Games",
         "type":"multiple",
         "difficulty":"easy",
         "question":"Which%20of%20these%20video%20game%20engines%20was%20made%20by%20the%20company%20Epic%20Games%3F",
         "correct_answer":"Unreal",
         "incorrect_answers":[
            "Unity",
            "Game%20Maker%3A%20Studio",
            "Cry%20Engine"
         ]
      },
      {
         "category":"Entertainment%3A%20Japanese%20Anime%20%26%20Manga",
         "type":"multiple",
         "difficulty":"easy",
         "question":"Who%20is%20the%20true%20moon%20princess%20in%20Sailor%20Moon%3F",
         "correct_answer":"Sailor%20Moon",
         "incorrect_answers":[
            "Sailor%20Venus",
            "Sailor%20Mars",
            "Sailor%20Jupiter"
         ]
      },
      {
         "category":"Vehicles",
         "type":"multiple",
         "difficulty":"easy",
         "question":"Which%20of%20these%20companies%20does%20NOT%20manufacture%20motorcycles%3F",
         "correct_answer":"Toyota",
         "incorrect_answers":[
            "Honda",
            "Kawasaki",
            "Yamaha"
         ]
      },
      {
         "category":"Entertainment%3A%20Video%20Games",
         "type":"multiple",
         "difficulty":"easy",
         "question":"In%20Portal%202%2C%20how%20did%20CEO%20of%20Aperture%20Science%2C%20Cave%20Johnson%2C%20presumably%20die%3F",
         "correct_answer":"Moon%20Rock%20Poisoning",
         "incorrect_answers":[
            "Accidentally%20sending%20a%20portal%20to%20the%20Moon",
            "Slipped%20in%20the%20shower",
            "Asbestos%20Poisoning"
         ]
      },
      {
         "category":"Entertainment%3A%20Video%20Games",
         "type":"multiple",
         "difficulty":"easy",
         "question":"Who%20created%20the%202011%20Video%20Game%20%22Minecraft%22%3F",
         "correct_answer":"Markus%20Persson",
         "incorrect_answers":[
            "Jens%20Bergensten",
            "Daniel%20Rosenfeld",
            "Carl%20Manneh"
         ]
      },
      {
         "category":"Entertainment%3A%20Video%20Games",
         "type":"multiple",
         "difficulty":"easy",
         "question":"What%20was%20Frank%20West%27s%20job%20in%20%22Dead%20Rising%22%3F",
         "correct_answer":"Photojournalist",
         "incorrect_answers":[
            "Janitor",
            "Chef",
            "Taxi%20Driver"
         ]
      },
      {
         "category":"Entertainment%3A%20Video%20Games",
         "type":"multiple",
         "difficulty":"easy",
         "question":"In%20the%20Half-Life%20series%2C%20Gordon%20Freeman%27s%20signature%20weapon%20is%20a%3A",
         "correct_answer":"Crowbar",
         "incorrect_answers":[
            "Sledgehammer",
            "Fiber%20Wire",
            "Katana"
         ]
      },
      {
         "category":"Science%20%26%20Nature",
         "type":"multiple",
         "difficulty":"easy",
         "question":"Human%20cells%20typically%20have%20how%20many%20copies%20of%20each%20gene%3F",
         "correct_answer":"2",
         "incorrect_answers":[
            "1",
            "4",
            "3"
         ]
      },
      {
         "category":"Entertainment%3A%20Video%20Games",
         "type":"multiple",
         "difficulty":"easy",
         "question":"The%20starting%20pistol%20of%20the%20Terrorist%20team%20in%20a%20competitive%20match%20of%20Counter%20Strike%3A%20Global%20Offensive%20is%20what%3F",
         "correct_answer":"Glock-18",
         "incorrect_answers":[
            "Tec-9",
            "Desert%20Eagle",
            "Dual%20Berretas"
         ]
      },
      {
         "category":"Entertainment%3A%20Books",
         "type":"multiple",
         "difficulty":"easy",
         "question":"What%20is%20the%20name%20of%20the%20protagonist%20of%20J.D.%20Salinger%27s%20novel%20Catcher%20in%20the%20Rye%3F",
         "correct_answer":"Holden%20Caulfield",
         "incorrect_answers":[
            "Fletcher%20Christian",
            "Jay%20Gatsby",
            "Randall%20Flagg"
         ]
      },
      {
         "category":"Entertainment%3A%20Video%20Games",
         "type":"multiple",
         "difficulty":"easy",
         "question":"In%20what%20year%20was%20%22Antichamber%22%20released%3F",
         "correct_answer":"2013",
         "incorrect_answers":[
            "2012",
            "2014",
            "2011"
         ]
      },
      {
         "category":"Entertainment%3A%20Music",
         "type":"multiple",
         "difficulty":"easy",
         "question":"What%20was%20the%20best%20selling%20album%20of%202015%3F",
         "correct_answer":"Adele%2C%2025",
         "incorrect_answers":[
            "Fetty%20Wap%2C%20Fetty%20Wap",
            "Taylor%20Swift%2C%201989",
            "Justin%20Bieber%2C%20Purpose"
         ]
      },
      {
         "category":"Entertainment%3A%20Music",
         "type":"multiple",
         "difficulty":"easy",
         "question":"Which%20song%20on%20Daft%20Punk%27s%20%22Random%20Access%20Memories%22%20features%20Pharrell%20Williams%3F",
         "correct_answer":"Get%20Lucky",
         "incorrect_answers":[
            "Doin%27%20It%20Right",
            "Instant%20Crush",
            "The%20Game%20of%20Love"
         ]
      },
      {
         "category":"Entertainment%3A%20Japanese%20Anime%20%26%20Manga",
         "type":"multiple",
         "difficulty":"easy",
         "question":"In%20%22To%20Love-Ru%22%2C%20Ren%20and%20Run%20are%20from%20what%20planet%3F",
         "correct_answer":"Memorze",
         "incorrect_answers":[
            "Deviluke",
            "Mistletoe",
            "Okiwana"
         ]
      },
      {
         "category":"Entertainment%3A%20Music",
         "type":"multiple",
         "difficulty":"easy",
         "question":"Which%20of%20the%20following%20songs%20did%20Elton%20John%20perform%20following%20Princess%20Diane%27s%20passing%3F",
         "correct_answer":"Candles%20in%20the%20Wind",
         "incorrect_answers":[
            "I%20Guess%20That%27s%20Why%20They%20Call%20It%20The%20Blues",
            "Your%20Song",
            "Island%20Girl"
         ]
      },
      {
         "category":"Entertainment%3A%20Music",
         "type":"multiple",
         "difficulty":"easy",
         "question":"Which%20punk%20rock%20band%20released%20hit%20songs%20such%20as%20%22Californication%22%2C%20%22Can%27t%20Stop%22%20and%20%22Under%20the%20Bridge%22%3F",
         "correct_answer":"Red%20Hot%20Chilli%20Peppers",
         "incorrect_answers":[
            "Green%20Day",
            "Linkin%20Park",
            "Foo%20Fighters"
         ]
      },
      {
         "category":"Entertainment%3A%20Video%20Games",
         "type":"multiple",
         "difficulty":"easy",
         "question":"In%20Night%20In%20The%20Woods%2C%20where%20does%20Gregg%20work%3F",
         "correct_answer":"Snack%20Falcon",
         "incorrect_answers":[
            "Ol%27%20Pickaxe",
            "Video%20Outpost%20%22Too%22",
            "Food%20Donkey"
         ]
      },
      {
         "category":"Entertainment%3A%20Video%20Games",
         "type":"multiple",
         "difficulty":"easy",
         "question":"In%20the%20video%20game%20%22Postal%202%22%2C%20what%20is%20the%20name%20of%20Postal%20Dude%27s%20dog%3F",
         "correct_answer":"Champ",
         "incorrect_answers":[
            "Snoopy",
            "Krotchy",
            "Duke"
         ]
      }
   ]
}